Date,Close,High,Low,Open,Volume
,GOOGL,GOOGL,GOOGL,GOOGL,GOOGL
2025-05-16,166.19000244140625,169.35000610351562,165.6199951171875,167.72999572753906,42650100
2025-05-15,163.9600067138672,166.2100067138672,162.3699951171875,165.83999633789062,33146700
2025-05-14,165.3699951171875,167.0,159.61000061035156,159.9600067138672,48755900
2025-05-13,159.52999877929688,160.57000732421875,156.16000366210938,158.7899932861328,42382100
2025-05-12,158.4600067138672,159.10000610351562,156.25,157.49000549316406,44138800
2025-05-09,152.75,155.0500030517578,152.1999969482422,154.1699981689453,32435300
2025-05-08,154.27999877929688,155.92999267578125,152.89999389648438,155.0,57498700
2025-05-07,151.3800048828125,165.0,147.83999633789062,164.0800018310547,127490100
2025-05-06,163.22999572753906,164.8000030517578,161.19000244140625,162.1699981689453,21277200
2025-05-05,164.2100067138672,165.38999938964844,162.72000122070312,163.0,21341800
2025-05-02,164.02999877929688,164.97000122070312,161.8699951171875,163.41000366210938,25715000
2025-05-01,161.3000030517578,161.9499969482422,158.91000366210938,160.4499969482422,30203200
2025-04-30,158.8000030517578,159.27000427246094,155.39999389648438,157.97999572753906,34981100
2025-04-29,160.16000366210938,160.74000549316406,157.52000427246094,160.32000732421875,26809000
2025-04-28,160.61000061035156,163.14999389648438,158.60000610351562,162.42999267578125,29745800
2025-04-25,161.9600067138672,166.10000610351562,161.0399932861328,165.07000732421875,56034000
2025-04-24,159.27999877929688,159.58999633789062,155.7899932861328,156.14999389648438,45894000
2025-04-23,155.35000610351562,157.52999877929688,153.80999755859375,155.61000061035156,31128800
2025-04-22,151.47000122070312,152.19000244140625,148.5399932861328,148.88999938964844,26971800
2025-04-21,147.6699981689453,148.9499969482422,146.10000610351562,148.8800048828125,26049100
2025-04-17,151.16000366210938,154.67999267578125,148.5,154.2899932861328,32938500
2025-04-16,153.3300018310547,155.88999938964844,151.50999450683594,153.10000610351562,28187400
2025-04-15,156.30999755859375,159.64999389648438,155.2100067138672,159.1300048828125,27551500
2025-04-14,159.07000732421875,161.72000122070312,157.55999755859375,160.0,30333000
2025-04-11,157.13999938964844,157.6699981689453,152.82000732421875,152.89999389648438,33636200
2025-04-10,152.82000732421875,157.72000122070312,149.92999267578125,156.5399932861328,48022000
2025-04-09,158.7100067138672,159.5500030517578,143.91000366210938,144.4199981689453,70406200
2025-04-08,144.6999969482422,152.24000549316406,143.02999877929688,151.22000122070312,52200200
2025-04-07,146.75,152.85000610351562,140.52999877929688,141.5500030517578,76794100
2025-04-04,145.60000610351562,151.07000732421875,145.3800048828125,148.00999450683594,62259500
2025-04-03,150.72000122070312,152.77999877929688,150.38999938964844,151.11000061035156,46883400
2025-04-02,157.0399932861328,158.41000366210938,154.6999969482422,155.14999389648438,25041700
2025-04-01,157.07000732421875,158.10000610351562,153.6199951171875,153.6199951171875,30672900
2025-03-31,154.63999938964844,155.5399932861328,150.66000366210938,153.11000061035156,54603500
2025-03-28,154.3300018310547,161.82000732421875,153.6300048828125,160.49000549316406,48669300
2025-03-27,162.24000549316406,165.4199981689453,162.0,164.6300048828125,24508300
2025-03-26,165.05999755859375,169.61000061035156,164.83999633789062,169.0,28901600
2025-03-25,170.55999755859375,170.6300048828125,168.32000732421875,168.97999572753906,24174400
2025-03-24,167.67999267578125,168.32000732421875,165.13999938964844,167.07000732421875,30879100
2025-03-21,163.99000549316406,164.24000549316406,160.88999938964844,161.2100067138672,36625800
2025-03-20,162.8000030517578,164.88999938964844,160.9600067138672,161.57000732421875,28138500
2025-03-19,163.88999938964844,165.8699951171875,161.0,161.75999450683594,34275600
2025-03-18,160.6699981689453,164.25,156.72000122070312,163.67999267578125,42074800
2025-03-17,164.2899932861328,166.3000030517578,163.6699981689453,165.02999877929688,31184300
2025-03-14,165.49000549316406,166.49000549316406,162.4499969482422,163.27000427246094,31995900
2025-03-13,162.75999450683594,166.1300048828125,162.11000061035156,166.0399932861328,31756200
2025-03-12,167.11000061035156,167.63999938964844,163.52999877929688,166.5800018310547,28372400
2025-03-11,164.0399932861328,166.75,161.3699951171875,164.91000366210938,39587400
2025-03-10,165.8699951171875,168.4600067138672,163.69000244140625,168.25999450683594,43604000
2025-03-07,173.66000366210938,174.76872740179581,170.07413701655315,171.06298843219486,27385800
2025-03-06,172.1517333984375,174.60889486138916,170.30385555544734,170.33381982392953,28302000
2025-03-05,172.8209686279297,173.58008886593674,168.86551735545183,170.32384453302183,30954900
2025-03-04,170.72337341308594,173.09064211021553,165.60926829005186,166.04876455679425,45388000
2025-03-03,166.81787109375,173.17055534541237,165.73911166521458,171.7322094406985,40770500
2025-02-28,170.0841064453125,170.41372863795183,166.5781498819881,168.48594100971005,48130600
2025-02-27,168.30616760253906,174.3591940996765,167.746814231894,173.78985771928288,39991000
2025-02-26,172.5312957763672,175.87744820035027,171.38262477536554,174.8686155406987,35431300
2025-02-25,175.21820068359375,178.53438877889693,174.48904471950055,177.8351818432405,41913400
2025-02-24,179.04379272460938,182.90933584096624,178.68420625509464,181.78064614487357,29854200
2025-02-21,179.4533233642578,185.12678179449694,178.87398876546825,184.93699793129608,35199200
2025-02-20,184.34768676757812,185.09682399614678,182.5098070913863,184.58741616756504,20441500
2025-02-19,185.05686950683594,185.246653369277,183.3787942547783,183.8582530360721,19549400
2025-02-18,183.55859375,185.74607679460826,181.5309302979739,185.386490331916,29916700
2025-02-14,185.01690673828125,186.1855589387927,184.1079651875959,184.8471041355986,20448400
2025-02-13,185.92587280273438,186.06571114375504,182.9293238598035,184.10797436946572,21402500
2025-02-12,183.39878845214844,184.8970629566076,181.62083725948915,183.0092376906385,22072600
2025-02-11,185.10682678222656,186.72495835838524,184.06801459806726,184.81715184499055,21239500
2025-02-10,186.2554931640625,187.98349876976383,185.64619427540677,187.1344857224474,23105600
2025-02-07,185.1267852783203,190.9600634127379,183.02921021692137,190.83022332592188,49315000
2025-02-06,191.3795928955078,191.87901770448227,188.50290111861952,189.28200260132084,29297400
2025-02-05,191.1099090576172,192.52827375908595,187.81370210065404,190.85021363044225,70373900
2025-02-04,206.14259338378906,206.81182081300247,202.57669285659674,203.15602747619252,43856400
2025-02-03,200.99850463867188,203.5156099470352,199.8698149328218,200.45913255035472,27838300
2025-01-31,203.78530883789062,205.24362078448016,201.56786140671954,201.76762828746982,32042000
2025-01-30,200.638916015625,201.16830508891937,197.44260031613962,197.7722225159478,24354700
2025-01-29,195.18521118164062,196.5636133163606,193.20747792712066,195.33503253066368,18218300
2025-01-28,195.07533264160156,195.2551182563093,190.4606370613745,192.52826307792662,24157900
2025-01-27,191.58934020996094,196.65351502081776,190.5105808080997,192.18865606918456,41728900
2025-01-24,199.9796905517578,200.66888399183227,197.77222616967978,197.87211722888603,23877500
2025-01-23,197.7522430419922,200.06958147081755,194.97544232412307,197.91206263871854,26951400
2025-01-22,198.1417999267578,200.24937329507208,197.30276987978317,198.83100862292844,26200600
2025-01-21,197.82217407226562,202.05728678766425,197.6423732117847,198.84100497169504,29971300
2025-01-17,195.77452087402344,197.00310160992169,193.52710928235737,196.3039099407615,27735100
2025-01-16,192.68807983398438,195.2551153784116,192.58818877757312,193.91666057341888,17815400
2025-01-15,195.32504272460938,196.1341084636535,191.6392852545324,192.8678659974796,21776000
2025-01-14,189.4418182373047,191.75914137705388,188.0933651847724,191.02000242961614,17174900
2025-01-13,190.79026794433594,190.96007055747594,187.14447278422705,189.8513620671916,21823700
2025-01-10,191.81907653808594,196.29393386115163,190.09107094303815,194.07648645979594,26665200
2025-01-08,193.7268829345703,196.06418741382137,192.1586969389352,192.3484808074723,24864800
2025-01-07,195.26512145996094,200.7687774852745,194.37614589069548,196.8832529983184,26487200
2025-01-06,196.64352416992188,197.99197728329852,193.6270092243641,193.75684931380115,29563600
2025-01-03,191.56936645507812,192.9877463613902,189.76145103861666,191.14985143368122,18596200
2025-01-02,189.2120819091797,191.7791328258186,187.2843094002135,190.43067970164262,20370800
2024-12-31,189.08224487304688,191.73918864322025,188.29314510160168,190.8601960597075,17466900
2024-12-30,191.02000427246094,192.32849481864238,188.90243274221342,189.58165840021294,14264700
2024-12-27,192.5382537841797,195.09532170060632,190.43068040496257,194.72573696465102,18891400
2024-12-26,195.375,196.52367101490134,194.1564021929594,194.92550545907343,12046600
2024-12-24,195.8843994140625,195.8843994140625,193.55707797257898,194.61585613024195,10403300
2024-12-23,194.40611267089844,194.87557322669755,189.93125525567427,192.3984151157297,25675000
2024-12-20,191.18980407714844,192.66809720587494,185.00692266360085,185.56627599656574,63462900
2024-12-19,188.2931365966797,192.8079411518366,188.16329650997008,191.40955777871685,32265200
2024-12-18,188.18325805664062,196.77337069091053,187.52402890568504,194.99541962680925,34166100
2024-12-17,195.1951904296875,201.18828813489583,194.7556941593745,197.02308705872431,43504000
2024-12-16,196.43377685546875,198.77108139081074,192.39841571324646,192.648128127054,44934900
2024-12-13,189.6016387939453,192.50827955283287,189.42183794011777,190.7902570178538,25143500
2024-12-12,191.7391815185547,194.9554633024938,191.48946911126617,194.77567768503926,34817500
2024-12-11,195.1752166748047,195.3849818086967,184.637364997593,185.0968273042346,67894100
2024-12-10,184.9569854736328,186.14561898038454,180.8417298459591,182.6396622409938,54813000
2024-12-09,175.1682586669922,176.05723424799297,173.45023604553785,173.75989224042516,25389600
2024-12-06,174.30926513671875,174.6784115765489,171.4657962428472,171.6354044780067,21462400
2024-12-05,172.24400329589844,175.65615678272883,171.93471679976247,174.95776546503646,21356200
2024-12-04,173.9700164794922,174.50878632573773,170.6676115592613,170.75740145903967,31615100
2024-12-03,170.9469757080078,172.28389835489799,170.45810941593857,171.0966407714524,22248700
2024-12-02,171.0966339111328,171.6852768885628,168.18333376692627,168.38287195306333,23789100
2024-11-29,168.5624542236328,169.0413489221372,166.7765668794217,168.1134894922982,14257200
2024-11-27,168.84181213378906,169.09123867813173,167.6345961844918,168.61234397565445,19266500
2024-11-26,168.73207092285156,169.43047745533647,167.19561004372002,167.24549839943876,20486700
2024-11-25,167.26544189453125,168.24320495243438,165.23012790175193,165.7090226252667,33135300
2024-11-22,164.38206481933594,166.0781775052239,163.52403689515066,165.4695761261647,38604600
2024-11-21,167.2454833984375,173.73057324168968,163.32449039222482,173.50108987072463,59734400
2024-11-20,175.5763397216797,177.27243728365775,173.38138904007343,176.93322081601997,18997100
2024-11-19,177.71141052246094,178.4596901179334,173.16187301779436,173.32150965187077,23434900
2024-11-18,174.8979034423828,175.03758170425652,172.50339937967658,173.02221087683125,20206600
2024-11-15,172.09434509277344,173.7405542062273,170.8272539769183,173.3314910172349,32504600
2024-11-14,175.17726135253906,178.40983501207117,173.92015698572658,177.87106512358804,31007500
2024-11-13,178.4696807861328,180.54491140269107,178.13044912542955,180.04605832824305,23184000
2024-11-12,181.20339965820312,182.07141442586757,178.97851903978543,179.40754063277615,25134900
2024-11-11,179.93630981445312,180.13584799922145,178.06061738529806,178.1703656704888,17450400
2024-11-08,177.94090270996094,180.48504128160124,177.6715177795822,180.23561473741785,22006200
2024-11-07,180.33538818359375,180.66463304281666,176.783556694456,177.00305326727127,25352900
2024-11-06,176.10511779785156,176.53413938489027,173.1020275837351,173.40134249175,33695500
2024-11-05,169.35064697265625,170.13882813078655,168.45270230555178,169.04134527892143,18242100
2024-11-04,168.851806640625,170.33837916949005,167.62461702535575,169.540211146429,21492700
2024-11-01,170.89707946777344,171.924730806551,168.49261922011235,169.67989197256162,31796500
2024-10-31,170.71751403808594,176.41442332366287,170.60776574356834,172.73288489023227,44769000
2024-10-30,174.059814453125,181.6024702004282,173.660722875302,180.26553244445503,68890800
2024-10-29,169.29078674316406,169.9891932870904,166.7067312467614,167.3452626285711,42169000
2024-10-28,166.3375701904297,168.3629124526984,163.5739198981752,168.3629124526984,32138600
2024-10-25,164.89089965820312,165.21015770980458,163.04513719135548,163.29456372883286,19828900
2024-10-24,162.34674072265625,162.95534206352698,160.64065656258018,162.45648900457678,22412500
2024-10-23,162.4066162109375,165.43965162521155,161.5585598399715,164.38207025094962,18280500
2024-10-22,164.76119995117188,165.38975972379467,162.60615092256947,162.60615092256947,16568100
2024-10-21,163.69366455078125,164.12267091200812,162.24697837282997,162.57622324771475,20946500
2024-10-18,163.04515075683594,164.3322003226238,162.7059342913527,162.81568258592537,19757700
2024-10-17,162.55625915527344,165.9883708197769,162.3866509330354,165.3498394792033,21453400
2024-10-16,164.78114318847656,165.41967448375283,163.36440235282572,164.1525834736406,16406000
2024-10-15,165.08047485351562,167.29536861569628,164.25237687914083,165.40970450318616,20247200
2024-10-14,164.5816192626953,165.84869515872447,163.02518482340258,163.26463978878337,19016100
2024-10-11,162.8655548095703,163.52402928799188,160.87014254138842,161.75810039177787,15344300
2024-10-10,161.70822143554688,162.69595604624766,160.0320671165202,160.50099024469034,14144100
2024-10-09,161.4887237548828,164.46188392429227,159.37359151374716,163.07507293573457,31181800
2024-10-08,164.00294494628906,164.35213297119705,162.49639888774195,163.5639517960843,23072700
2024-10-07,162.6061553955078,168.09353960289477,162.37668722767793,167.3352883566198,22463100
2024-10-04,166.67678833007812,167.84410270815644,165.10041077348518,167.6744944881404,19047400
2024-10-03,165.47955322265625,166.25776285148348,163.54400073216186,164.0328822574666,15073100
2024-10-02,165.47955322265625,167.13574919120185,164.3521403294987,166.03826626655388,17760200
2024-10-01,166.60696411132812,168.7719847422779,164.2024885113937,167.30535540779766,28338100
2024-09-30,165.46957397460938,165.76887364583845,162.88550343062403,162.9453785886578,20413900
2024-09-27,163.5739288330078,165.31991468714682,162.25696456225583,162.4365443712631,21101300
2024-09-26,162.35671997070312,163.70362938299246,161.90775524120266,163.26463623457852,20319300
2024-09-25,161.11956787109375,162.43653204188453,160.93000127122684,161.09960948590057,18869200
2024-09-24,161.917724609375,162.84559924653018,160.32140390143587,162.65603264196153,23332100
2024-09-23,161.47874450683594,165.1103942398001,161.29914948564644,163.97300985155823,24150900
2024-09-20,163.21475219726562,163.35443045510996,161.68826294232812,163.12496229374892,40896400
2024-09-19,161.76808166503906,163.41429079540828,160.96991366518583,163.3344876968325,26587700
2024-09-18,159.44342041015625,160.13184010247764,158.23620447115354,159.493308763357,23677300
2024-09-17,158.95455932617188,160.18173369132347,158.01671306098063,158.65524442097214,20715600
2024-09-16,157.6974334716797,157.88700007819574,156.2407910010188,156.949153850456,18379800
2024-09-13,157.09881591796875,158.0167037423396,154.85397709703722,155.0734584425326,29591200
2024-09-12,154.33517456054688,154.46488123819847,152.29984538660895,153.4472166512295,29695000
2024-09-11,150.8132781982422,151.15249466457212,147.18162811030237,149.57611698577008,29607700
2024-09-10,148.31900024414062,150.92301391041104,147.9997269680091,150.10488755816476,31118800
2024-09-09,148.368896484375,153.04812579911544,146.88230875795676,152.16016788537544,39260500
2024-09-06,150.374267578125,157.25928448946016,150.00561037278717,156.73120219936595,37912100
2024-09-05,156.6714324951172,158.87343271753585,155.41597886981896,155.73482906151818,18688700
2024-09-04,155.88427734375,158.42505964289654,155.3960589028362,156.09352467815137,19353800
2024-09-03,156.79100036621094,161.26477038522722,155.91417750545756,161.13523558890284,38945300
2024-08-30,162.7892303466797,163.06821666334946,161.10533887588517,162.03196874119254,22123800
2024-08-29,161.19500732421875,165.36985884682494,159.67054097302747,163.71585770644296,19699800
2024-08-28,162.26113891601562,165.0011948895807,160.9459047509701,164.44320708392877,16407400
2024-08-27,164.0845184326172,165.83816409495242,163.86532792843937,165.2403275821356,11821900
2024-08-26,165.5591583251953,166.94413138700807,163.86530867604202,165.77836400723294,14190400
2024-08-23,165.0211181640625,165.57909078821876,163.237597440162,164.12437861861332,13955700
2024-08-22,163.20770263671875,166.98399131629145,162.71946900223335,166.65518277106005,22493300
2024-08-21,165.2502899169922,166.2466739015297,164.07454890935912,164.5528089649255,22902000
2024-08-20,166.57546997070312,168.0301973015893,166.21678632585224,166.2964836667436,18341500
2024-08-19,166.06732177734375,166.08725371463413,163.66603265490428,164.68234860612503,22416200
2024-08-16,162.37074279785156,164.46314006883134,160.54735825938926,160.88612516941268,24208600
2024-08-15,160.7167510986328,161.05551802843678,159.03285961324696,159.9196408139774,31524300
2024-08-14,159.79010009765625,162.6298006303333,157.13973016458638,161.81275843785846,40591100
2024-08-13,163.56640625,164.13433724204145,162.3807068200086,162.81911822642027,18551700
2024-08-12,161.70315551757812,164.30371841151174,161.25478575040617,163.75571936475353,15895300
2024-08-09,163.0781707763672,163.1977319936456,158.48483983468753,159.43140161323996,28602300
2024-08-08,161.444091796875,163.0980928190794,159.63068089584155,159.92958392090395,25578800
2024-08-07,158.36526489257812,162.39064929609555,157.8969632273386,160.6669093473954,25138600
2024-08-06,157.7176055908203,159.98937493855377,155.8444141408682,158.7538533920478,49004600
2024-08-05,158.6741485595703,163.8354102699276,154.36976247516517,154.93770864058513,53630700
2024-08-02,166.05735778808594,167.90065902927802,164.07454819419817,165.8381520961541,29130100
2024-08-01,170.1425323486328,173.42064433790932,168.2693407012315,169.63438196406787,24531400
2024-07-31,170.91969299316406,173.61990013827557,169.39522679360476,172.61355784032972,25729100
2024-07-30,169.6742401123047,170.61084359012222,167.8309386667155,169.6244330706624,18959700
2024-07-29,168.91697692871094,169.81371643996607,167.38255227079114,168.21951117511102,20293800
2024-07-26,166.39613342285156,167.48218836937892,163.4667619348052,166.54558494627688,41336900
2024-07-25,166.6751251220703,172.7929226710128,166.58545420511723,171.8961830942536,44852000
2024-07-24,172.0057830810547,175.5529078595556,171.1987144347076,172.97227682395808,49585200
2024-07-23,181.1326446533203,182.94607087092996,180.88354864784296,181.39171422932947,36352700
2024-07-22,181.01309204101562,182.03936641608118,179.57829654867925,179.93699542176336,24100300
2024-07-19,177.01759338378906,179.63807308812588,176.48951105533254,178.23318313703982,18881900
2024-07-18,177.04747009277344,181.8400745567317,175.83188043287228,181.27212839599844,25315700
2024-07-17,180.36544799804688,182.88629847032706,179.24948750496557,182.308393887249,20734100
2024-07-16,183.2549591064453,187.99774187820162,182.70694481891954,186.6825227917543,18290700
2024-07-15,185.85549926757812,187.5593225326645,184.25132048016474,184.25132048016474,16474000
2024-07-12,184.40078735351562,186.43340394870364,183.82288283046884,184.41074571984632,22898400
2024-07-11,184.8990020751953,190.16986719879003,184.4107683999166,189.16352474556632,25625800
2024-07-10,190.48870849609375,191.05665474143063,188.34648872255113,188.46604995162622,15952500
2024-07-09,188.29664611816406,190.6680449292031,188.03759174863737,189.62183867706156,15121400
2024-07-08,188.3464813232422,189.48235856567723,187.10100122392242,189.2133306072121,21035900
2024-07-05,189.9108123779297,190.16986676631305,185.1281657368756,185.1879463493014,20967500
2024-07-03,185.14808654785156,185.4170992875996,183.33466032731423,184.18159282875,10242100
2024-07-02,184.5701904296875,184.89899899691764,180.9034891495935,181.39172281674388,17372500
2024-07-01,182.32830810546875,183.2150892304388,180.64441676394287,182.36815677467078,16006100
2024-06-28,181.49134826660156,184.46058367632295,181.30204806851228,183.65351502999962,29156600
2024-06-27,184.7395782470703,185.37726345815258,183.3546049665816,183.51401486664113,18848900
2024-06-26,183.21510314941406,183.84281475961373,181.82015636356306,181.96962309255457,19839000
2024-06-25,183.3645477294922,183.6236020982057,178.77121684563144,178.97049060645827,23235600
2024-06-24,178.5719451904297,180.23590467855502,178.02393093898397,179.50854860133447,18298000
2024-06-21,178.98046875,180.19605848680078,175.9713847127052,176.3599738775111,58582700
2024-06-20,175.6625213623047,176.648931899367,174.35726061279985,174.73587623555667,20160100
2024-06-18,174.45687866210938,176.74856500464978,173.47046818859647,176.49946899358264,21869900
2024-06-17,176.59910583496094,177.715051051079,174.17788480631722,174.82554352922475,19618500
2024-06-14,176.15072631835938,176.419754263997,173.52027308216327,173.59002726213419,18063600
2024-06-13,174.52664184570312,176.100930541289,174.24765551520585,175.47320369586276,20913300
2024-06-12,177.14710998535156,179.75764648213246,175.47319211286342,177.60545332869307,27864700
2024-06-11,175.98135375976562,176.20055947666336,173.14166821496,175.5828062037414,21540600
2024-06-10,174.37716674804688,176.41975708694557,172.13530264029285,174.3373180757214,23779200
2024-06-07,173.6298828125,177.02364564681855,173.47064048742553,176.2075553066339,19661400
2024-06-06,175.88906860351562,176.30706831231922,174.91373594964054,175.06301613629049,23251000
2024-06-05,174.5753631591797,175.80945323933747,173.10239440013726,174.36635570479385,22068500
2024-06-04,172.96307373046875,173.0228009976231,171.07212029758608,172.45550585604707,26879600
2024-06-03,172.3460235595703,173.69955303760383,170.3455929752159,171.71901635552842,27459100
2024-05-31,171.67919921875,172.23653216033742,168.63376194065896,171.0422451160524,37638900
2024-05-30,171.29107666015625,174.38627944367667,170.97259197646454,174.36637035439955,22958700
2024-05-29,175.0630340576172,175.99856381955107,173.88865597259237,174.59526917665025,23388700
2024-05-28,175.56065368652344,176.42652440990983,173.54031397559726,173.61993514476987,20572200
2024-05-24,174.15736389160156,174.93365126217552,172.82372836993727,174.14740175468117,16572500
2024-05-23,172.72421264648438,177.40184593977742,172.12706150853876,176.22746793765114,21024900
2024-05-22,175.54075622558594,176.30708148924128,174.37632512413728,175.79951363051288,17880000
2024-05-21,177.00375366210938,177.3023140421263,174.9734519608894,176.05826183810862,16989400
2024-05-20,176.07818603515625,177.91938952957375,175.24218652700162,175.35166373779703,22554400
2024-05-17,175.22227478027344,175.43128224723478,172.86355649440316,173.3512152736709,24479300
2024-05-16,173.3511962890625,174.28672593990896,171.86829583867203,172.46543176167918,27867900
2024-05-15,171.68914794921875,171.82848118606026,169.69866445937762,169.81810379537313,26948400
2024-05-14,169.52947998046875,170.43515363864887,167.99681433185833,168.9622000666333,25127100
2024-05-13,168.33518981933594,168.47452305757707,163.2196478065062,163.47840519575857,31327600
2024-05-10,167.84751892089844,169.0418211972959,165.39923266388908,167.2304738812949,29799900
2024-05-09,169.15130615234375,169.87782842770906,167.37976174414283,168.58401102643612,15346700
2024-05-08,168.5740509033203,169.34037610962505,167.93709679670465,168.1958541822666,19569100
2024-05-07,170.43515014648438,170.94271797332505,167.58875812637166,167.69823532661383,28039700
2024-05-06,167.30015563964844,167.3399586304374,165.2399977875199,166.66320148373052,21871300
2024-05-03,166.4442596435547,167.16083502137172,162.27419368231517,166.76272915248109,34662400
2024-05-02,165.82717895507812,165.9366561572897,163.1101731735162,164.00588469256783,24294500
2024-05-01,163.080322265625,166.3248050727695,162.31398182603573,163.51823108824746,33493200
2024-04-30,162.00547790527344,167.30017218886394,161.8263416497257,164.8220143504815,33562900
2024-04-29,165.3594207763672,168.74325204452023,164.4239062306873,168.25557809024173,45610000
2024-04-26,171.1318359375,173.87871320868138,168.84277660691075,173.5403194325108,64665300
2024-04-25,155.25772094726562,155.74539489675468,150.15212564884374,150.60994355919925,57109700
2024-04-24,158.37281799316406,158.81072677485923,156.42213756184464,156.74062219805325,22779100
2024-04-23,157.5069580078125,158.21358635071638,155.53638354340058,156.21315584791824,21151600
2024-04-22,155.53639221191406,156.88992171020138,153.32695413108942,153.5757645889644,26446200
2024-04-19,153.3568115234375,155.6160147529958,151.57533531126506,155.45677241386718,32239100
2024-04-18,155.2676544189453,156.19323711028636,153.88426904317683,154.600844292543,19883000
2024-04-17,154.73025512695312,156.33259514906842,153.84449046790715,154.87953533334849,21763100
2024-04-16,153.66534423828125,154.90939662099464,152.69995837440078,153.45635194224974,20779500
2024-04-15,154.12313842773438,158.48230216405906,153.8544189023788,158.10410543846115,27136500
2024-04-12,156.9794921875,159.4576498521726,156.39230314278245,157.20840874623565,25329200
2024-04-11,158.6514892578125,158.92019359328873,155.7155291650152,156.16338491032602,27166400
2024-04-10,155.3970489501953,155.86481379575542,153.9439892879095,155.46672316327985,22838600
2024-04-09,155.85487365722656,157.80553910227465,154.4515790592109,155.3472906145229,31113000
2024-04-08,154.1132049560547,154.5312047063974,151.8838577680416,152.0530470584528,20702000
2024-04-05,151.7743682861328,152.6899888823038,148.8881732587718,149.31611992588236,23449300
2024-04-04,149.81375122070312,154.03358204033015,149.73413005208545,152.7696206660751,34724700
2024-04-03,154.182861328125,154.34210366441846,152.00327930693646,152.8691500191665,24705000
2024-04-02,153.8245849609375,153.96391821888022,151.42604834775094,152.7696309813447,24586000
2024-04-01,154.75015258789062,154.99896303730998,149.89336775564567,149.972988921802,31730800
2024-03-28,150.2118377685547,150.70945866916398,149.45545946665504,150.13223178829975,24485400
2024-03-27,150.15211486816406,150.91845525200065,148.19148744617945,150.46063737451573,22879200
2024-03-26,149.9530792236328,151.53551003081748,149.26635995623974,149.505223453737,22149100
2024-03-25,149.35594177246094,149.6644642956251,147.11664775908744,149.22655548099812,19229300
2024-03-22,150.0526123046875,150.85875574292584,148.2711209562635,148.41045420254932,29175700
2024-03-21,146.89767456054688,149.65448301475038,146.20099325211407,148.75877159845464,24755600
2024-03-20,148.0322723388672,148.15169649653035,146.04178871816205,147.29578793217973,21311500
2024-03-19,146.3303985595703,148.08201863565114,145.38492190024363,147.45502663716707,24070400
2024-03-18,146.97727966308594,151.42601105591572,146.46971188833376,147.90286229490744,69273700
2024-03-15,140.5082244873047,142.49870800871952,139.3637025369648,141.82195090080685,49460600
2024-03-14,142.4191131591797,142.90677194087021,139.79167531307277,140.5181976030222,42753400
2024-03-13,139.12484741210938,140.4186648160553,138.3286661046211,138.33861305579995,23347200
2024-03-12,137.8409881591797,138.7168057955102,136.37798151039325,136.37798151039325,27563400
2024-03-11,137.0149383544922,138.43814204162481,135.48227264684192,135.48227264684192,32437800
2024-03-08,134.76568603515625,137.43292657686754,133.36239155397143,133.57139899877532,39343100
2024-03-07,133.7406005859375,134.29793357515936,130.98377649333827,132.1581545511722,37738200
2024-03-06,130.77476501464844,132.94440001172532,130.22739417958527,132.4865821068133,35318600
2024-03-05,132.0387420654297,132.60603724215898,130.048258250132,131.2525076403091,40194800
2024-03-04,132.71551513671875,135.01452152533,131.28236435260098,135.01452152533,55999400
2024-03-01,136.48745727539062,138.20922130484942,136.26850286861733,137.7713124913028,31119500
2024-02-29,137.80117797851562,138.19926859997335,135.75096723807542,136.62678482870294,42133000
2024-02-28,135.73106384277344,137.35329743861095,134.76567820777544,137.24382024744057,37328600
2024-02-27,138.2191925048828,138.5874271285175,136.43770109534037,137.36328390942444,33099200
2024-02-26,136.91542053222656,141.76224319676408,136.73626911295864,141.46366762210727,53641800
2024-02-23,143.27500915527344,143.99156924470117,142.74751705595645,142.98638054322166,19493800
2024-02-22,143.40438842773438,144.31006211743158,142.1205331777144,144.2403879015234,27191900
2024-02-21,141.87171936035156,142.01105260267784,140.0106068974836,140.7769473233704,23315700
2024-02-20,140.44851684570312,141.40395564806843,138.82628305113792,138.99547233345777,25144700
2024-02-16,139.85137939453125,142.5086731289085,139.47318265796596,142.30962780983683,31451100
2024-02-15,142.0906524658203,142.83708369199013,139.79164671900637,142.45888701115246,37590700
2024-02-14,145.24559020996094,145.82283227426896,143.40438681197526,145.38492345402256,22704200
2024-02-13,144.44940185546875,145.97212067480473,143.00630420667008,144.23044743303745,27837700
2024-02-12,146.82803344726562,148.6294188215734,146.6687911016663,147.7137981136562,21564100
2024-02-09,148.291015625,148.72892440965512,145.4844266976286,145.98204755543063,26829500
2024-02-08,145.2157440185547,145.6337437790856,144.40960053851757,145.1361228470937,22563800
2024-02-07,144.84750366210938,144.92712483877034,143.24516354900098,144.0712161723984,25208900
2024-02-06,143.4143524169922,144.6683516438696,142.5086787155993,143.9617232693515,29128200
2024-02-05,142.996337890625,144.7778292586984,142.10062632407735,142.14044450127528,38505400
2024-02-02,141.70252990722656,141.94137821596175,135.8505033642639,138.5973652180094,62470600
2024-02-01,140.48834228515625,142.37929571349378,140.12009247642374,141.44376595073413,40466500
2024-01-31,139.43338012695312,143.314817013255,139.20446358239303,142.93662027544656,71910000
2024-01-30,150.73931884765625,152.88902943924788,150.47059932888845,152.07293911887135,36331800
2024-01-29,152.77955627441406,153.04827580027492,150.70945160260163,151.33645876754892,27784300
2024-01-26,151.46583557128906,151.81416105186207,150.2914424776346,150.38102577143502,26115500
2024-01-25,151.14735412597656,152.32174724438246,148.82843911184986,149.35593119114108,29149100
2024-01-24,147.99244689941406,149.1369840368619,147.39531095421805,147.83320457288815,25233500
2024-01-23,146.34034729003906,146.479680534306,144.80768160310274,145.19582529685954,21636100
2024-01-22,145.2953643798828,147.68393876565145,145.14606898940627,146.40008345019257,32200400
2024-01-19,145.68350219726562,145.75316122771846,143.69301856100813,144.05130622298188,33300700
2024-01-18,142.7972869873047,143.5238244240393,141.3143864475642,141.37409852484444,25746400
2024-01-17,140.79685974121094,141.16509435045725,138.2390810062168,140.67743558387372,20968600
2024-01-16,141.81201171875,143.66316210251998,140.77695172665017,141.3243377622621,22670500
2024-01-12,141.9712371826172,142.51862321173218,141.14519984962567,141.9911462708172,18768600
2024-01-11,141.40394592285156,144.52900432776065,139.97079541096244,142.80724039792497,24008700
2024-01-10,141.60299682617188,142.31957211043382,140.23952047042707,140.32908858441377,21320200
2024-01-09,140.2793426513672,140.81678178118554,137.49266229644218,137.84100303562764,24759600
2024-01-08,138.17938232421875,138.34857162557788,135.6116563892304,135.6415124314593,21404000
2024-01-05,135.08416748046875,136.50737117465926,134.50692540464604,136.09931838527314,22506000
2024-01-04,135.74102783203125,138.49785185670754,135.7012248421468,137.76136746127565,27137700
2024-01-03,138.25900268554688,138.96563111524162,136.42776123741183,136.59695053777565,24212100
2024-01-02,137.51255798339844,138.78646627528045,135.83059690794266,137.89075472780192,23711200
2023-12-29,139.02532958984375,139.6921397740678,138.11965590639036,138.9656175115826,18727200
2023-12-28,139.56275939941406,140.46843312127822,139.08504756687975,140.11014545033115,16045700
2023-12-27,139.7020721435547,141.4039421272873,139.22436038114222,140.91626822874798,19628600
2023-12-26,140.8466339111328,142.00110294060704,140.51820227118546,140.91629294532333,16780300
2023-12-22,140.81675720214844,141.3143780648777,140.0404698711855,140.10018194492363,26514600
2023-12-21,139.75186157226562,140.02058112931533,138.51775618635745,138.8262939224738,27488300
2023-12-20,137.68174743652344,141.02576050336694,137.41304308366068,138.30875463223933,49107200
2023-12-19,135.99978637695312,136.81589194521072,135.43250644576105,136.18888474941207,25476800
2023-12-18,135.1538543701172,136.49742183645682,131.79987880793016,131.9989393388128,32258000
2023-12-15,131.9690704345703,132.87472894259986,130.5558136967356,130.99372252410018,50815200
2023-12-14,131.3122100830078,133.0837393336483,129.0729159552244,132.74536075457883,38722400
2023-12-13,131.939208984375,132.86477654283303,130.94396721251857,132.74535238978922,30104800
2023-12-12,131.8894500732422,132.3671618941117,130.63543566245536,131.18282170000637,29032800
2023-12-11,132.65577697753906,132.70554210632815,130.73496753299872,131.75011845279244,31138000
2023-12-08,134.3477020263672,135.75098148530094,133.39226317393695,133.56145246512227,32233900
2023-12-07,136.27845764160156,137.90070669775926,134.05907259412004,134.39745117448874,56767100
2023-12-06,129.40135192871094,131.21268423164344,129.26201867463922,130.8145935589201,23576200
2023-12-05,130.36672973632812,131.51125173964408,127.63976171874135,128.33642794624606,27384800
2023-12-04,128.6549072265625,129.41128550101195,127.29142327486284,129.26200531072064,36669900
2023-12-01,131.2325897216797,131.48140018185381,130.04824950146127,131.2325897216797,31431200
2023-11-30,131.89939880371094,134.9050333890216,130.65534651348793,134.4074124729324,38988300
2023-11-29,134.3477020263672,137.63198796354249,134.19840663801398,136.9154278069515,23967200
2023-11-28,136.5471649169922,136.59693004167585,134.77563581877808,135.43249901776102,18730000
2023-11-27,135.7609405517578,137.76137114648046,135.35288776014943,135.3827437999076,23436500
2023-11-24,136.03961181640625,137.47276251978383,135.3429455539826,137.37323225964377,12514300
2023-11-22,137.83103942871094,138.75660699373168,136.81588856208788,136.81588856208788,17813900
2023-11-21,136.31826782226562,136.52726009180356,135.31307909148632,135.6414955150459,22635300
2023-11-20,135.60169982910156,136.0097526255653,132.98420894713303,133.05388316485448,27815500
2023-11-17,134.66616821289062,135.41259957777135,133.01406314727024,135.35288749837048,37240600
2023-11-16,136.27845764160156,136.5670862789989,133.6808910221372,134.54674656195866,28013200
2023-11-15,133.9794464111328,134.38749919428832,132.93445466887385,134.2282568614201,23861500
2023-11-14,132.98419189453125,135.05429646532818,132.68563153168148,133.55148695631235,32395200
2023-11-13,131.4615020751953,131.95912303711475,130.62550250385542,131.1529795085951,18324800
2023-11-10,131.9591064453125,132.16811390496133,128.79424481480643,129.48096408570086,26913300
2023-11-09,129.62030029296875,131.91930647073386,129.45111100566407,131.33211744076144,23747800
2023-11-08,131.21267700195312,131.580926799427,130.15772310979614,130.34682148408558,26425800
2023-11-07,130.34681701660156,131.28234671869467,129.26200712212525,130.08805962107587,29757300
2023-11-06,129.63023376464844,129.71980187458107,128.0577500279253,128.43594674032983,19052700
2023-11-03,128.48573303222656,128.91367975208917,127.25162763160075,127.41086997739491,26380100
2023-11-02,126.88338470458984,128.36629297445822,126.3260516835586,127.80895995342698,27124600
2023-11-01,125.84832000732422,125.88813058968375,123.13131420084254,123.47964730512324,30082400
2023-10-31,123.48960876464844,124.77347164354663,122.10622322082405,124.46494151125496,26292300
2023-10-30,123.8677978515625,124.80332760609076,122.16593522517718,122.6237455580271,28940100
2023-10-27,121.58869171142578,122.72326678236502,119.63801864923039,122.29531249468846,44566500
2023-10-26,121.69816589355469,123.73841461751326,120.69296955110403,122.68345314790562,57061100
2023-10-25,125.01231384277344,127.69946346643458,124.47488239942285,127.55018328196924,84366200
2023-10-24,138.14950561523438,138.6968916178538,136.76612018289654,137.17417294722958,44814300
2023-10-23,135.85049438476562,137.00497842129087,133.31262496891244,134.39743479587233,26317900
2023-10-20,134.95480346679688,137.21399157463526,134.43727344295388,136.67656764747252,26315200
2023-10-19,137.0945587158203,138.9954742091233,136.72632410734244,137.84099006998994,26066000
2023-10-18,137.30357360839844,140.0504356733887,136.7263315075888,138.7864742597851,23375000
2023-10-17,139.05517578125,139.23431200334724,136.5272532818645,137.9703659398381,23515800
2023-10-16,138.43814086914062,138.9656178098258,137.33342186038425,137.51255809555218,28501900
2023-10-13,136.7064208984375,139.33385877066547,135.96993646362293,138.71681368426044,23420500
2023-10-12,138.30874633789062,140.54804026123193,137.60211801793758,140.37885098714375,24765500
2023-10-11,139.88125610351562,140.43858915374793,137.920628289257,137.920628289257,25884300
2023-10-10,137.403076171875,139.05518115278088,136.67655393277659,137.8409849799401,27786600
2023-10-09,137.76136779785156,138.27889778472175,134.96474077645817,136.28841418957376,19278100
2023-10-06,136.9253692626953,137.50261133155155,133.37234873185216,133.37234873185216,27583200
2023-10-05,134.4273223876953,134.84532213743643,132.81502028305357,134.4273223876953,19832600
2023-10-04,134.5965118408203,134.9249434701971,131.8993997738575,132.15815718510046,26752300
2023-10-03,131.79986572265625,133.62116005886995,131.21267669893393,133.3026905762113,22989400
2023-10-02,133.53160095214844,133.78041142165446,130.5458753180762,130.58569349746125,22288000
2023-09-29,130.23733520507812,133.41215879768615,129.739714333163,132.64581840280536,30848100
2023-09-28,131.68043518066406,132.6657299926707,129.17242168676438,129.22218681213153,22513100
2023-09-27,129.9188690185547,130.27715670469198,127.95825647590418,127.95825647590418,22746500
2023-09-26,127.95824432373047,129.73972044721884,126.61466183176898,129.1525314353715,25718700
2023-09-25,130.4861602783203,130.54587235985892,128.34639636353074,129.2122519182116,20094600
2023-09-22,129.63023376464844,131.40176280772747,128.98333272244602,130.1378015737834,26397300
2023-09-21,129.81935119628906,131.6008274512888,129.45111656611377,130.81459306049098,31488700
2023-09-20,133.1036376953125,137.4229832645566,132.98419835818402,137.4229832645566,29927500
2023-09-19,137.3831787109375,137.75142852316634,135.96993710197103,136.7661336216356,20353700
2023-09-18,137.5523681640625,138.4978447839275,135.95997529868072,135.95997529868072,21861300
2023-09-15,136.7462158203125,137.86089695130053,135.83059519619755,137.32345788063844,38908400
2023-09-14,137.44290161132812,138.0400375924637,135.59175121605634,136.94528070062265,24751000
2023-09-13,136.05950927734375,136.24859245755295,133.51167758565322,134.44720728074662,20749500
2023-09-12,134.69601440429688,136.21873306242523,134.54673421670935,135.6116349892628,18405500
2023-09-11,136.26852416992188,136.82585722476293,135.14389592171182,135.89032737434255,20763400
2023-09-08,135.73106384277344,136.00973029553754,134.20834530224724,134.2680573726706,23558300
2023-09-07,134.61639404296875,134.93487869329522,132.3173880233416,132.95434213781053,18844300
2023-09-06,133.82022094726562,135.88036360473524,133.03397141020704,135.37279574679286,18684500
2023-09-05,135.1239776611328,135.77087872900177,133.93963753997775,134.7955460588322,19403100
2023-09-01,135.01451110839844,136.80594945032874,134.20836765107612,136.80594945032874,21524600
2023-08-31,135.52207946777344,137.34337385647325,135.14388270916908,135.36283712876264,30053800
2023-08-30,135.2334747314453,135.6315654184423,133.43208931557663,134.1387025629242,28315800
2023-08-29,133.92970275878906,135.92018645455218,131.6107874308828,131.6107874308828,43075600
2023-08-28,130.38661193847656,131.90933055130816,129.52075650385797,130.6851874909537,20543300
2023-08-25,129.2620086669922,130.13781111641472,126.64451789723837,128.92361491657198,26762900
2023-08-24,129.16249084472656,133.61122329329774,128.95349855277775,133.31264769004198,28500700
2023-08-23,131.7401580810547,132.77521810347412,129.25205347010368,129.56057601207195,27819700
2023-08-22,128.4658203125,129.66010749983826,127.70944197062904,127.89852516645765,22067500
2023-08-21,127.7591781616211,128.11746579787294,125.95779302992129,126.57484564637545,25248700
2023-08-18,126.853515625,128.63499931194184,125.77865268655036,127.89851493202701,30491300
2023-08-17,129.30181884765625,131.36197675884557,128.6748116249142,129.18239468568078,33446300
2023-08-16,128.08761596679688,129.66009982508598,127.26157104777742,128.08761596679688,25216100
2023-08-15,129.16249084472656,130.7946869315138,128.66486990136232,130.47621742457744,19770700
2023-08-14,130.7051239013672,130.74492689646604,128.34640539745578,128.7743521360614,24695600
2023-08-11,128.9435272216797,129.3117618339363,127.56014170520349,128.04781566195854,19569200
2023-08-10,129.07290649414062,131.4216776590085,128.83404300432582,130.6951554251583,20857800
2023-08-09,129.04306030273438,131.41172554952155,128.3861970452602,131.0335439778547,24912900
2023-08-08,130.77476501464844,130.88424221889798,128.92361467945548,129.998477634037,23535200
2023-08-07,130.90415954589844,130.98378071638075,128.4061079650305,128.5454412168282,22746300
2023-08-04,127.50042724609375,130.88424328208276,127.30138192389168,128.6648583264697,26130000
2023-08-03,127.83880615234375,128.7743358739839,126.81370831340226,127.36109434055177,20089500
2023-08-02,127.76914978027344,129.47100478913018,126.95304419806331,128.83405063143312,26273300
2023-08-01,130.92404174804688,131.99890454954252,130.0581711882357,130.1577014274451,23166800
2023-07-31,132.08848571777344,132.89462910208388,131.1529560469299,132.09843266820528,28055500
2023-07-28,131.94915771484375,133.1036418304535,129.94872719345616,130.15771946410177,36591200
2023-07-27,128.78428649902344,132.60602666094323,128.1771883763532,131.04348970124676,44952100
2023-07-26,128.6549072265625,130.35676214061976,127.70943058695467,129.45110367587904,61682100
2023-07-25,121.62850189208984,122.56403163253377,120.44416169668466,120.78254786384007,52509600
2023-07-24,120.95173645019531,122.41474313178708,120.40435800830701,121.08112274560483,29686100
2023-07-21,119.44891357421875,120.41429930342547,118.16505837628159,120.04606470909158,72937900
2023-07-20,118.63282012939453,123.49955194883329,117.65748741253887,120.84225815158732,37906800
2023-07-19,121.44935607910156,124.5843692790778,121.22045471640399,124.00712721064436,37224000
2023-07-18,123.17112731933594,124.08674795318163,122.37493084193565,124.00712678682312,26226400
2023-07-17,124.056884765625,126.49522399838557,123.60902142548464,125.34074752508035,25716200
2023-07-14,124.82322692871094,126.17675640796054,122.90240991720911,124.20618186143912,33266800
2023-07-13,123.94741821289062,124.23603925428093,119.87687518656348,120.3545946051284,44297900
2023-07-12,118.36410522460938,119.75744523552781,117.8465828398585,118.2347265266947,30404400
2023-07-11,116.5826187133789,117.14990621068708,114.80113505861661,115.73666473923052,23078800
2023-07-10,115.89591217041016,117.74706264721117,115.58738962197427,117.73711569558557,35315200
2023-07-07,118.91149139404297,120.47402068726721,118.83187022918119,119.52853643899117,21692600
2023-07-06,119.53849792480469,119.7275963040598,117.83663529078655,119.22997538441382,24745200
2023-07-05,121.17068481445312,122.02659333927569,118.66267890915145,118.67262585976906,27584800
2023-07-03,119.3294906616211,119.61811168831736,118.25462771939205,118.67262744367262,14467900
2023-06-30,119.13043212890625,120.50387057686662,119.12048517862524,119.59819695723526,29519700
2023-06-29,118.53329467773438,119.48872587696212,117.73710580825735,118.67262791972016,24090900
2023-06-28,119.608154296875,119.81715415403947,116.29399743378409,116.5328533286732,27091400
2023-06-27,117.76696014404297,118.51339146949954,115.54756766205826,116.52290793494869,39535900
2023-06-26,117.77691650390625,121.41950530782552,117.70724987835497,120.1854075438775,33969900
2023-06-23,121.75787353515625,122.20573688397315,120.48396529451563,120.80244235467579,34885300
2023-06-22,122.56402587890625,122.65359399380323,118.2645817227319,119.4290127749455,26952200
2023-06-21,119.97640228271484,122.07636309263388,119.52853891590576,121.81759809801702,30306300
2023-06-20,122.51426696777344,123.97727366337496,121.55883572827894,122.34507768010195,26097500
2023-06-16,122.94221496582031,125.5099405617093,122.69340452264717,125.33079673890096,45514000
2023-06-15,124.49478912353516,124.86303131123523,121.81759393072211,122.55407071303016,35246300
2023-06-14,123.08155059814453,123.45974733869542,120.87211260494071,122.5142630804105,30592300
2023-06-13,123.24079132080078,124.56446470926541,122.59388264580667,124.38532088531461,22278300
2023-06-12,123.05169677734375,123.45974956411615,121.0811222457333,122.20574275748704,28306400
2023-06-09,121.64840698242188,123.17112570184304,121.3299299142625,121.66830847720398,23762500
2023-06-08,121.558837890625,122.64365544606527,120.66311871482401,121.64841360475143,29389200
2023-06-07,121.9171142578125,128.4259886146352,121.53892512668912,126.36584609093107,52539000
2023-06-06,126.70423889160156,127.6795716632302,124.76352029992727,125.41042902818297,26638300
2023-06-05,125.41041564941406,126.82365711889926,123.25073527073091,123.41993213979819,32305500
2023-06-02,124.07678985595703,125.54975101903904,123.17112379211459,123.40002514747484,26963100
2023-06-01,123.13131713867188,123.82798336385527,122.03655267348697,122.23559799694154,30772700
2023-05-31,122.28536224365234,123.46969481793454,121.91712004551185,122.16593049458432,37325800
2023-05-30,123.08155059814453,125.06208723131287,121.41949862779474,125.04217814334058,35076700
2023-05-26,124.01707458496094,124.66398323852341,121.86734876877027,122.58392404083384,35635900
2023-05-25,122.89247131347656,124.7237127373814,121.37969939598797,123.92751619206183,42317000
2023-05-24,120.3247299194336,121.32992621989823,119.28967758115877,120.54368432083105,34182600
2023-05-23,121.9768295288086,124.03697969958147,121.62849642613534,123.5692224434729,34046300
2023-05-22,124.45498657226562,125.82841748352126,122.15597291663258,122.35502582680218,35253000
2023-05-19,122.1758804321289,125.37060556659539,121.56878235183454,122.96212233272476,41330300
2023-05-18,122.24555206298828,122.72326387464808,120.25506846385703,120.37449262022581,35234200
2023-05-17,120.2650146484375,121.09106715915512,118.3242961888887,119.04087149490434,33323600
